Sat Oct 01 ,1-8・・・ #bs2016 #NPB #オリックス #バファローズ #バファローズポンタ https://t.co/I2vYLUba5m,http://pbs.twimg.com/media/CtrgugOVYAAFqC6.jpg
Sat Oct 01 ,今シーズン最終戦だ！力の限り応援するぞ！！！！ #bs2016 #NPB #オリックス #バファローズ #バファローズポンタ https://t.co/F53w3JH1HT,http://pbs.twimg.com/media/Ctq68p5UIAAz7Xg.jpg
Thu Sep 29 ,小松聖投手、お疲れ様でした！！！ #bs2016 #NPB #オリックス #バファローズ #バファローズポンタ #キター https://t.co/YWhfDBAE6O,http://pbs.twimg.com/media/CthesYRUkAApVUl.jpg
Thu Sep 29 ,2-10・・・ #bs2016 #NPB #オリックス #バファローズ #バファローズポンタ https://t.co/synd1XlmYP,http://pbs.twimg.com/media/CthTu8bVUAASA8a.jpg
Thu Sep 29 ,今日はホーム最終戦！いそげっ　いそげっ　おうえんだっ！　 #bs2016 #NPB #オリックス #バファローズ #バファローズポンタ https://t.co/OP9H2ojxML,http://pbs.twimg.com/media/CtgnxT4VIAAHGji.jpg
Wed Sep 28 ,6-5!  ／おりほー！＼  ／おりほー！＼ #bs2016 #NPB #オリックス #バファローズ #バファローズポンタ https://t.co/XGm0bm0FUP,http://pbs.twimg.com/media/CtcLhaUUsAAmM3o.jpg
Wed Sep 28 ,ガンバって♥♥♥　プレイボール♥ #bs2016 #NPB #オリックス #バファローズ #バファローズポンタ https://t.co/arXfTRYtWZ,http://pbs.twimg.com/media/CtbeLDmUMAAvpyQ.jpg
Tue Sep 27 ,10-3!おりほ～♪　うふふっ♪; :*・*ﾟ.:｡+ﾟ+ #bs2016 #NPB #オリックス #バファローズ #バファローズポンタ https://t.co/DgroiDshK6,http://pbs.twimg.com/media/CtW_LryVYAA2oS7.jpg
Tue Sep 27 ,ワーイ！今日も元気にプレイボール！！ #bs2016 #NPB #オリックス #バファローズ #バファローズポンタ https://t.co/266xJ4ksQb,http://pbs.twimg.com/media/CtWUlk_UEAADHk-.jpg
Mon Sep 26 ,3-4・・・ #bs2016 #NPB #オリックス #バファローズ #バファローズポンタ https://t.co/IpyU799EKc,http://pbs.twimg.com/media/CtR9JDEVIAA2waR.jpg
Mon Sep 26 ,今日もがんばれ☆　バファローズ♪　 #bs2016 #NPB #オリックス #バファローズ #バファローズポンタ https://t.co/ZODYkZzRGi,http://pbs.twimg.com/media/CtRLANtUkAAXC74.jpg
Sun Sep 25 ,2-0!*･゜ﾟ･*:.｡..｡.:*･゜･*:.｡. .｡.:*･゜ﾟ･*＼　おりほー！！！！　／ #bs2016 #NPB #オリックス #バファローズ #バファローズポンタ https://t.co/xNFmPcf4PE,http://pbs.twimg.com/media/CtLgfAVVMAA92UU.jpg
Sun Sep 25 ,大空めがけて、がんばれ！バファローズ！！ #bs2016 #NPB #オリックス #バファローズ #バファローズポンタ https://t.co/VM6PTMEev6,http://pbs.twimg.com/media/CtK8vbLVIAAC3Dd.jpg
Sat Sep 24 ,3-4・・・ #bs2016 #NPB #オリックス #バファローズ #バファローズポンタ https://t.co/1VEWz0GFbI,http://pbs.twimg.com/tweet_video_thumb/CtG-ucZUEAE3l9j.jpg
Sat Sep 24 ,今日はみんなで応援がんばろー！ #bs2016 #NPB #オリックス #バファローズ #バファローズポンタ https://t.co/WuPVb51FRN,http://pbs.twimg.com/media/CtGA4jPVUAA3LwL.jpg
Fri Sep 23 ,いよいよ「んほー！！」がＴシャツに！！「バファローズポンタ イラストＴシャツ」に新デザインが追加！ https://t.co/KF6a4cXSLx https://t.co/L3RcFEia10,http://pbs.twimg.com/media/CtAb1laVUAQ2Cvz.jpg
Thu Sep 22 ,3-5・・・ #bs2016 #NPB #オリックス #バファローズ #バファローズポンタ https://t.co/ZiQoNlC0rU,http://pbs.twimg.com/tweet_video_thumb/Cs8FE-lVIAAP_Bc.jpg
Thu Sep 22 ,みんなで力あわせて、勝っちゃおうぜ～い！ #bs2016 #NPB #オリックス #バファローズ #バファローズポンタ https://t.co/HxAFf0Xhmr,http://pbs.twimg.com/media/Cs7f-NLUAAE7NJD.jpg
Thu Sep 22 ,16万フォローありがとうございます！ #bs2016 #NPB #オリックス #バファローズ #バファローズポンタ https://t.co/IMKeAp6mcW,http://pbs.twimg.com/media/Cs7I4ifUAAASM5x.jpg
Wed Sep 21 ,5-2!｡.:*ﾟ:*:✼✿ おりほ～！！ :*:✼.｡✿.｡ #bs2016 #NPB #オリックス #バファローズ #バファローズポンタ https://t.co/kzn5Ggn1Bh,http://pbs.twimg.com/media/Cs4GVQjUEAEDlXV.jpg
Wed Sep 21 ,フレーフレー！バファローズ！！ #bs2016 #NPB #オリックス #バファローズ #バファローズポンタ https://t.co/zTaDju29Sa,http://pbs.twimg.com/media/Cs3bDBeVIAAKocN.jpg
Wed Sep 21 ,待望の続巻、予約開始！ 「バファローズポンタのおうえんえにっき ２がっき」未公開イラスト収録など大充実！ https://t.co/1oS1oAhPTa https://t.co/eYpdHEvVrT,http://pbs.twimg.com/media/Cs2x3IyUkAAO-L4.jpg
Tue Sep 20 ,1-11・・・ #bs2016 #NPB #オリックス #バファローズ #バファローズポンタ https://t.co/s9MruKBYsP,http://pbs.twimg.com/media/Csy-HGzVUAAcMXn.jpg
Tue Sep 20 ,よーし、勝っつぞぉーーーーーー！！ #bs2016 #NPB #オリックス #バファローズ #バファローズポンタ https://t.co/3ueeb2mhR5,http://pbs.twimg.com/media/CsyRe7aXgAIkwh8.jpg
Mon Sep 19 ,3-3!つぎ！つぎ！ #bs2016 #NPB #オリックス #バファローズ #バファローズポンタ https://t.co/ZujZuQkKHu,http://pbs.twimg.com/media/CstVv4TUsAAllUw.jpg
Mon Sep 19 ,＼ふぁいと！！／　だバファローズ！ #bs2016 #NPB #オリックス #バファローズ #バファローズポンタ https://t.co/uNapHgBjGO,http://pbs.twimg.com/media/CssQ7s6UIAAvWFr.jpg
Sun Sep 18 ,5-8・・・ #bs2016 #NPB #オリックス #バファローズ #バファローズポンタ https://t.co/25SSZquJlf,http://pbs.twimg.com/media/CsnzUFRUkAADImw.jpg
Sun Sep 18 ,プレイボールだ！いそげーっ！ #bs2016 #NPB #オリックス #バファローズ #バファローズポンタ https://t.co/LsUG8HsH6s,http://pbs.twimg.com/media/CsnHWG_VUAASzFK.jpg
Sat Sep 17 ,3-6・・・ #bs2016 #NPB #オリックス #バファローズ #バファローズポンタ https://t.co/qPJPPZNYKM,http://pbs.twimg.com/media/Csjle4nVUAAK9_3.jpg
Sat Sep 17 ,おっ　と　と・・ #bs2016 #NPB #オリックス #バファローズ #バファローズポンタ https://t.co/glKqc7cp8K,http://pbs.twimg.com/media/Csi0r_CUsAAhJLz.jpg
Thu Sep 15 ,5-1!おりほぅ！！イェーイ！！ #bs2016 #NPB #オリックス #バファローズ #バファローズポンタ https://t.co/i6e3guPdax,http://pbs.twimg.com/media/CsZHTBhUMAADFhk.jpg
Thu Sep 15 ,応援しちゃうYo！勝っちゃえYo！ #bs2016 #NPB #オリックス #バファローズ #バファローズポンタ https://t.co/AMHL6WyWTl,http://pbs.twimg.com/media/CsYhg1hVYAAecyi.jpg
Wed Sep 14 ,11-1!おりほー・・・！！ #bs2016 #NPB #オリックス #バファローズ #バファローズポンタ https://t.co/NWtQtVTNo0,http://pbs.twimg.com/media/CsUJYhFUMAAnQcp.jpg
Wed Sep 14 ,（がんばれ・・・・・・・・・！バファローズ・・・・・・・・・！） #bs2016 #NPB #オリックス #バファローズ #バファローズポンタ https://t.co/KqNkdjRGA0,http://pbs.twimg.com/media/CsTX66CUkAAEnS9.jpg
Tue Sep 13 ,2-4・・・ #bs2016 #NPB #オリックス #バファローズ #バファローズポンタ https://t.co/SbBtRON6dA,http://pbs.twimg.com/media/CsO6THvVUAA2ru7.jpg
Tue Sep 13 ,勝て・・・・・勝て・・・・・・・・・・勝ってください・・・！ #bs2016 #NPB #オリックス #バファローズ #バファローズポンタ https://t.co/nlDuZ170X7,http://pbs.twimg.com/media/CsOOVG-VIAE3upz.jpg
Mon Sep 12 ,2-11・・・ #bs2016 #NPB #オリックス #バファローズ #バファローズポンタ https://t.co/9RwA9r9nPB,http://pbs.twimg.com/tweet_video_thumb/CsJ4QfaUAAA99a1.jpg
Mon Sep 12 ,勢いに乗って4連勝だ！！ゴーゴー！！ #bs2016 #NPB #オリックス #バファローズ #バファローズポンタ https://t.co/4BnWjJtZNV,http://pbs.twimg.com/media/CsJEvPrVUAAllfX.jpg
Sun Sep 11 ,4-3!おりほー！！ #bs2016 #NPB #オリックス #バファローズ #バファローズポンタ https://t.co/SMwPhDVaha,http://pbs.twimg.com/media/CsDsEkbVIAE3TGg.jpg
Sun Sep 11 ,わーい！今日も京セラドームで応援だ！ #bs2016 #NPB #オリックス #バファローズ #バファローズポンタ https://t.co/x2kymzpECr,http://pbs.twimg.com/media/CsDEN1_WAAAz0yu.jpg
Fri Sep 09 ,4-3!おっりふぉ～～～！ハハッ！！ #bs2016 #NPB #オリックス #バファローズ #バファローズポンタ https://t.co/0qojOiiaHN,http://pbs.twimg.com/media/Cr6VT7WUsAQrF82.jpg
Fri Sep 09 ,バファローズ、がんば～れぇぇぇ～♪　 #bs2016 #NPB #オリックス #バファローズ #バファローズポンタ https://t.co/GfhmQrg2AL,http://pbs.twimg.com/media/Cr5n-JrUkAELqgJ.jpg
Thu Sep 08 ,4-2!＼おりほーーWoohoo!!／  ＼♥♥♥♥／ #bs2016 #NPB #オリックス #バファローズ #バファローズポンタ https://t.co/HdIgOgrrPI,http://pbs.twimg.com/media/Cr1Czm8VUAEkIS6.jpg
Thu Sep 08 ,応援しちゃうぜ！勝っちゃうぜ！ #bs2016 #NPB #オリックス #バファローズ #バファローズポンタ https://t.co/91rWEaxL7J,http://pbs.twimg.com/media/Cr0eYq9UMAYOtjB.jpg
Wed Sep 07 ,1-2・・・ #bs2016 #NPB #オリックス #バファローズ #バファローズポンタ https://t.co/cwvyzWgSKz,http://pbs.twimg.com/media/Crv7RfiVUAEjF1I.jpg
Wed Sep 07 ,連勝目指すぞー！　おー！！！ #bs2016 #NPB #オリックス #バファローズ #バファローズポンタ https://t.co/q9iNG8c9Wv,http://pbs.twimg.com/media/CrvUyY9WgAEv0fW.jpg
Tue Sep 06 ,2-1!おりほう！！！ #bs2016 #NPB #オリックス #バファローズ #バファローズポンタ https://t.co/zKX4Tg5rH8,http://pbs.twimg.com/media/Crq7_B8VIAAqMjo.jpg
Tue Sep 06 ,力の限り応援するぞ！えい・えい・おー！ #bs2016 #NPB #オリックス #バファローズ #バファローズポンタ https://t.co/gpBFSyen5t,http://pbs.twimg.com/media/CrqLM82VMAAz7g_.jpg
Tue Sep 06 ,ついに本が発売！「バファローズポンタのおうえんえにっき」予約注文を多くいただき既に在庫僅少！お早めに♪ https://t.co/VVhnrZ9tGE https://t.co/b0ckOrdjEX,http://pbs.twimg.com/media/CrpjJbSUEAERuiE.jpg
Sun Sep 04 ,7-7!つぎ！つぎ！ #bs2016 #NPB #オリックス #バファローズ #バファローズポンタ https://t.co/JPF7MSGN8k,http://pbs.twimg.com/media/Crf6zQmVMAAzrPM.jpg
Sun Sep 04 ,神戸の空に向かって、がんばれバファローズ！！ #bs2016 #NPB #オリックス #バファローズ #バファローズポンタ https://t.co/hytGznIBoF,http://pbs.twimg.com/media/CrezWkxVIAA3SoI.jpg
Sat Sep 03 ,4-12・・・ #bs2016 #NPB #オリックス #バファローズ #バファローズポンタ https://t.co/OvWHzebbFH,http://pbs.twimg.com/media/CrbdJywUAAQtrtH.jpg
Sat Sep 03 ,今シーズン最後の花火ナイト！！！！！華麗に咲かせよう！バファローズ！！！ #bs2016 #NPB #オリックス #バファローズ #バファローズポンタ https://t.co/SvUHtl4E9C,http://pbs.twimg.com/media/CraubS9UIAAgjVo.jpg
Fri Sep 02 ,5-2!オリホォォオオオオオオ！！！！！！！！ #bs2016 #NPB #オリックス #バファローズ #バファローズポンタ https://t.co/R8VcpwCILC,http://pbs.twimg.com/media/CrWXr3JVUAAa_AJ.jpg
Fri Sep 02 ,今夜は花火ナイト！ホームランが沢山打ちあがるといいな♪プレイボール！ #bs2016 #NPB #オリックス #バファローズ #バファローズポンタ https://t.co/9K3LFu068f,http://pbs.twimg.com/media/CrVk2ETUsAA0vVp.jpg
Thu Sep 01 ,4-6・・・ #bs2016 #NPB #オリックス #バファローズ #バファローズポンタ https://t.co/uKFyiqRepo,http://pbs.twimg.com/media/CrRF2ehVYAAmE-k.jpg
Thu Sep 01 ,オーライ！オーライ！準備は万端だ！はじまるぞ！ #bs2016 #NPB #オリックス #バファローズ #バファローズポンタ https://t.co/aWxQ1YfT7m,http://pbs.twimg.com/media/CrQerk7UAAEcAk6.jpg
Wed Aug 31 ,5-7・・・ #bs2016 #NPB #オリックス #バファローズ #バファローズポンタ https://t.co/6wM1dXtMB8,http://pbs.twimg.com/media/CrMD0TnUAAAKQDu.jpg
Wed Aug 31 ,しっかり食べて、ガンガン応援しちゃうぞ！ #bs2016 #NPB #オリックス #バファローズ #バファローズポンタ https://t.co/flGVGmOwGO,http://pbs.twimg.com/media/CrLVF1tVIAApBV8.jpg
Tue Aug 30 ,6-4!おりほ～！！！イヤッッホォォォオオォオウ！☆☆ #bs2016 #NPB #オリックス #バファローズ #バファローズポンタ https://t.co/1tLw3d0CAf,http://pbs.twimg.com/media/CrHBGFwUEAAB7gU.jpg
Tue Aug 30 ,今日は☆がみたいな！がんばれバファローズ！ #bs2016 #NPB #オリックス #バファローズ #バファローズポンタ https://t.co/x01Pqx4m2K,http://pbs.twimg.com/media/CrGLgEHUkAAtXr1.jpg
Sun Aug 28 ,13-4!♡♡♡♡♡おりほー♡♡♡♡♡ #bs2016 #NPB #オリックス #バファローズ #バファローズポンタ https://t.co/yN49UnGTdC,http://pbs.twimg.com/media/Cq8PA1DVMAE8gGX.jpg
Sun Aug 28 ,ファイトだぞ♡ #bs2016 #NPB #オリックス #バファローズ #バファローズポンタ https://t.co/vCJs2zp3s4,http://pbs.twimg.com/media/Cq7Za-gUMAAzlyF.jpg
Sat Aug 27 ,6-7・・・ #bs2016 #NPB #オリックス #バファローズ #バファローズポンタ https://t.co/fXe2QRJ6z3,http://pbs.twimg.com/media/Cq3X-KpUEAA58mD.jpg
Sat Aug 27 ,今日も応援がんばるぞっ♪ #bs2016 #NPB #オリックス #バファローズ #バファローズポンタ https://t.co/dV2J87O1S2,http://pbs.twimg.com/media/Cq2rTS6UIAAqISe.jpg
Fri Aug 26 ,3-4・・・ #bs2016 #NPB #オリックス #バファローズ #バファローズポンタ https://t.co/uxcWG67zWD,http://pbs.twimg.com/media/CqyRz44UIAESaCx.jpg
Fri Aug 26 ,杜の都で勝利をつかめ！バファローズ！ #bs2016 #NPB #オリックス #バファローズ #バファローズポンタ https://t.co/esbSqJBxa1,http://pbs.twimg.com/media/Cqxht2CWIAAejDV.jpg
Thu Aug 25 ,RT @Ponta: みんなでオリックス・バファローズを応援しよう！キャンペーンに参加するともれなくPontaポイントがもらえます！参加は8/31(水)まで★ https://t.co/GCXDz5EIuV https://t.co/bvOjhurijv,http://pbs.twimg.com/media/CqrMlnEVMAA4JuY.jpg
Wed Aug 24 ,2-6・・・ #bs2016 #NPB #オリックス #バファローズ #バファローズポンタ https://t.co/6qoS4ziqWa,http://pbs.twimg.com/tweet_video_thumb/CqoAAMLVYAEgEKm.jpg
Wed Aug 24 ,夏祭り 楽しみ～！♪♪ #bs2016 #NPB #オリックス #バファローズ #バファローズポンタ https://t.co/z3LeknkNkA,http://pbs.twimg.com/media/CqnOiANUkAAB0BU.jpg
Tue Aug 23 ,3-14・・・ #bs2016 #NPB #オリックス #バファローズ #バファローズポンタ https://t.co/WueXYhsbw7,http://pbs.twimg.com/tweet_video_thumb/Cqi4d9FUsAATY0l.jpg
Tue Aug 23 ,キョウハ　カテルト　イイナ・・☆ #bs2016 #NPB #オリックス #バファローズ #バファローズポンタ https://t.co/NxKXLsz1X1,http://pbs.twimg.com/media/CqiE8YYUAAAr9b9.jpg
Sun Aug 21 ,4-4!つぎ！つぎ！ #bs2016 #NPB #オリックス #バファローズ #バファローズポンタ https://t.co/hkReT9lK1W,http://pbs.twimg.com/media/CqXyeoJVIAEKkaE.jpg
Sun Aug 21 ,＼勝ちますように！！！！／（勝ちますように・・・✧✧）（勝ちますように・・・✧） #bs2016 #NPB #オリックス #バファローズ #バファローズポンタ https://t.co/GewQovx3Sw,http://pbs.twimg.com/media/CqWtF71VYAEpgk1.jpg
Sat Aug 20 ,11-1!＼おりほー！／ ＼おりほー！／ #bs2016 #NPB #オリックス #バファローズ #バファローズポンタ https://t.co/sPADi3ZmwM,http://pbs.twimg.com/media/CqSdN04VMAAbsph.jpg
Sat Aug 20 ,元気に！楽しく！さあ応援だ！ #bs2016 #NPB #オリックス #バファローズ #バファローズポンタ https://t.co/QsSWS9mkLl,http://pbs.twimg.com/media/CqRxPbtUIAAEzMt.jpg
Fri Aug 19 ,0-3・・・ #bs2016 #NPB #オリックス #バファローズ #バファローズポンタ https://t.co/LXh4rT9i03,http://pbs.twimg.com/media/CqOHIlcVIAAGb9N.jpg
Fri Aug 19 ,押忍！気合を入れて応援だ！！押忍！！！ #bs2016 #NPB #オリックス #バファローズ #バファローズポンタ https://t.co/gr6wMln3Q6,http://pbs.twimg.com/media/CqNele5UIAE2JJj.jpg
Fri Aug 19 ,第2弾！「続・バファローズポンタ」LINEクリエイターズスタンプが登場！ 描きおろし含む40種類がずっと使える！ 会話が盛り上がること間違いなし！スタンプはコチラから https://t.co/0k2RPfQwsC https://t.co/R1KfKlceho,http://pbs.twimg.com/media/CqNZL2AUkAAZDVf.jpg
Thu Aug 18 ,1-6・・・ #bs2016 #NPB #オリックス #バファローズ #バファローズポンタ https://t.co/V3TbMZs12n,http://pbs.twimg.com/media/CqI-NxyVIAEFiDg.jpg
Thu Aug 18 ,たくさんアーチを見たいな！　がんばれ☆バファローズ！！ #bs2016 #NPB #オリックス #バファローズ #バファローズポンタ https://t.co/5LVx6IpJFT,http://pbs.twimg.com/media/CqIU_tnUAAAg4c0.jpg
Wed Aug 17 ,2-4・・・ #bs2016 #NPB #オリックス #バファローズ #バファローズポンタ https://t.co/yxzCSiqmdS,http://pbs.twimg.com/media/CqD4EH4UkAADgN2.jpg
Wed Aug 17 ,はるばるきたぜ！　勝つんだバファローズ！！ #bs2016 #NPB #オリックス #バファローズ #バファローズポンタ https://t.co/8B5ZmKAuJ5,http://pbs.twimg.com/media/CqDLZzFUIAAOjUA.jpg
Tue Aug 16 ,2-3・・・ #bs2016 #NPB #オリックス #バファローズ #バファローズポンタ https://t.co/CPm7HTlXYR,http://pbs.twimg.com/media/Cp-tGKrUMAIOHeh.jpg
Tue Aug 16 ,北の大地でかがやけ！バファローズ！ #bs2016 #NPB #オリックス #バファローズ #バファローズポンタ https://t.co/5spn2KrWQ6,http://pbs.twimg.com/media/Cp-B0KfUkAACSxu.jpg
Sun Aug 14 ,1-5・・・ #bs2016 #NPB #オリックス #バファローズ #バファローズポンタ https://t.co/PLxQPWddwz,http://pbs.twimg.com/media/Cp0TvWBUMAIbaQO.jpg
Sun Aug 14 ,必勝！！！気合いだ、バファローズ！！！ #bs2016 #NPB #オリックス #バファローズ #バファローズポンタ https://t.co/FCAbrRkB2b,http://pbs.twimg.com/media/Cpzuob3VMAAlE3y.jpg
Sat Aug 13 ,9-1!かんぱーーーい！！ #bs2016 #NPB #オリックス #バファローズ #バファローズポンタ https://t.co/IXcPsHic0n,http://pbs.twimg.com/tweet_video_thumb/CpvJduZUsAAD626.jpg
Sat Aug 13 ,応援の準備は万端！いくぞ、バファローズ！ #bs2016 #NPB #オリックス #バファローズ #バファローズポンタ https://t.co/UyvCE7jZmf,http://pbs.twimg.com/media/CpulCqlVMAA6s00.jpg
Fri Aug 12 ,3-8・・・ #bs2016 #NPB #オリックス #バファローズ #バファローズポンタ https://t.co/wlAZV3wCy6,http://pbs.twimg.com/media/CpqJfWWVYAAaanr.jpg
Fri Aug 12 ,5連勝への道が見えてきた！突き進め、バファローズ！ #bs2016 #NPB #オリックス #バファローズ #バファローズポンタ https://t.co/tVckmOxtZB,http://pbs.twimg.com/media/Cppbc5wUsAAEXG9.jpg
Thu Aug 11 ,4-3!＼かんぱーい！！／ ＼おりほー！！！／ #bs2016 #NPB #オリックス #バファローズ #バファローズポンタ https://t.co/VjWdG4gaAA,http://pbs.twimg.com/media/CpkAuTrUEAAe7xp.jpg
Thu Aug 11 ,４連勝目指し進め、勝利を掴もう！ #bs2016 #NPB #オリックス #バファローズ #バファローズポンタ https://t.co/N1woUiDmTq,http://pbs.twimg.com/media/CpjNMryVIAEKkPZ.jpg
Wed Aug 10 ,3-2!じゃじゃ～ん！おりほ～！ #bs2016 #NPB #オリックス #バファローズ #バファローズポンタ https://t.co/R9qINObPWE,http://pbs.twimg.com/media/CpfyMZIUIAEKfYg.jpg
Wed Aug 10 ,勢いにのって連勝だ！プレイボール！ #bs2016 #NPB #オリックス #バファローズ #バファローズポンタ https://t.co/VK1neKOL7u,http://pbs.twimg.com/media/CpfISAUUAAAJHkw.jpg
Tue Aug 09 ,4-0!おっりほー！！ #bs2016 #NPB #オリックス #バファローズ #バファローズポンタ #野球の日 https://t.co/XMSe8q52cA,http://pbs.twimg.com/media/CpaomsbUIAA92_I.jpg
Tue Aug 09 ,今日は野球の日！勝利を飾ろう、バファローズ！ #bs2016 #NPB #オリックス #バファローズ #バファローズポンタ #野球の日 https://t.co/A0fkMZXIQw,http://pbs.twimg.com/media/CpZ-r7rVYAAzO0I.jpg
Sun Aug 07 ,5-3!わーい！おりほー！わーい！！ #bs2016 #NPB #オリックス #バファローズ #バファローズポンタ https://t.co/aAv4Wn6okn,http://pbs.twimg.com/media/CpPQvpmVMAAEmLd.jpg
Sun Aug 07 ,ママも気合を入れて応援するぞ！ファイトだバファローズ！ #bs2016 #NPB #オリックス #バファローズ #バファローズポンタ https://t.co/8RNuen46uy,http://pbs.twimg.com/media/CpOm1ulVUAEZ8AU.jpg
Sat Aug 06 ,0-2・・・ #bs2016 #NPB #オリックス #バファローズ #バファローズポンタ https://t.co/I8KzFwnBZm,http://pbs.twimg.com/media/CpKQFR4VIAAEDft.jpg
Sat Aug 06 ,レッツゴー バファローズ！ #bs2016 #NPB #オリックス #バファローズ #バファローズポンタ https://t.co/qpf5IJM3BM,http://pbs.twimg.com/media/CpJq-2JUAAEq7eo.jpg
Fri Aug 05 ,2-3・・・#bs2016 #NPB #オリックス #バファローズ #バファローズポンタ #bspontaday https://t.co/5IHOAmbd6b,http://pbs.twimg.com/media/CpF_f9SVYAA5Br4.jpg
Fri Aug 05 ,バファローズ、がんばれ！#bs2016 #NPB #オリックス #バファローズ #バファローズポンタ #bspontaday https://t.co/U3f1kr4U1o,http://pbs.twimg.com/media/CpF4WLGUAAEbOLu.jpg
Fri Aug 05 ,モレル選手、ホームラン！#bs2016 #NPB #オリックス #バファローズ #バファローズポンタ #bspontaday https://t.co/7OgFaz3Xll,http://pbs.twimg.com/media/CpFrIRnVMAAsqMs.jpg
Fri Aug 05 ,今日は言いたい・・・がんばれバファローズ！！！ #bs2016 #NPB #オリックス #バファローズ #バファローズポンタ #bspontaday https://t.co/u7dCzUc0XV,http://pbs.twimg.com/media/CpFYVEnUAAAZBVJ.jpg
Fri Aug 05 ,「バファローズポンタのおうえんえにっき」9/6（火）より発売！描きおろしもアリ☆詳しくはコチラから→  https://t.co/RYq9ucD8zc https://t.co/Jd5MB5vXni,http://pbs.twimg.com/media/CpEhZZbVIAAFaqo.jpg
Thu Aug 04 ,2-0!お・り・ほ～！ #bs2016 #NPB #オリックス #バファローズ #バファローズポンタ https://t.co/VSN1i1aOJt,http://pbs.twimg.com/media/CpAxGGJUMAA-QKc.jpg
Thu Aug 04 ,かっとばせ～！バファローズ！！ #bs2016 #NPB #オリックス #バファローズ #バファローズポンタ https://t.co/HRmUesbuWq,http://pbs.twimg.com/media/CpAOvNaUkAIndaF.jpg
Wed Aug 03 ,1-6・・・ #bs2016 #NPB #オリックス #バファローズ #バファローズポンタ https://t.co/frnTI3M7AG,http://pbs.twimg.com/media/Co7xHjOUEAAhjYM.jpg
Wed Aug 03 ,今夜は勝てますように・・・☆ #bs2016 #NPB #オリックス #バファローズ #バファローズポンタ https://t.co/GY7zxqJKfU,http://pbs.twimg.com/media/Co7FJRnVIAAFlrW.jpg
Wed Aug 03 ,バファローズポンタの新グッズ続々登場！8/5（金）「バファローズポンタ Day」より発売！ https://t.co/TKCHJQvn72 　限定ポンタコラボメニューも☆ https://t.co/4CUvWLE6eX https://t.co/pYSj5y2QVU,http://pbs.twimg.com/media/Co63affUMAAg_kA.jpg
Wed Aug 03 ,15万フォロー　ありがとうございます！ #bs2016 #NPB #オリックス #バファローズ #バファローズポンタ https://t.co/MkZYdWRrM9,http://pbs.twimg.com/media/Co5u7LGUAAAsmLo.jpg
Tue Aug 02 ,1-2・・・ #bs2016 #NPB #オリックス #バファローズ #バファローズポンタ https://t.co/hKVCORLW3c,http://pbs.twimg.com/media/Co2iueTUIAAjM0r.jpg
Tue Aug 02 ,今日もがんばれ～！！バファローズ♪♪♪ #bs2016 #NPB #オリックス #バファローズ #バファローズポンタ https://t.co/mTwqA8CFQR,http://pbs.twimg.com/media/Co17jnxVYAAO97A.jpg
Sun Jul 31 ,5-4!おりほー！勝ちほー！ #bs2016 #NPB #オリックス #バファローズ #バファローズポンタ https://t.co/iI4PIsayAd,http://pbs.twimg.com/media/CorSbesUAAEzWPK.jpg
Sun Jul 31 ,ファイト・ファイト・バファローズ☆ #bs2016 #NPB #オリックス #バファローズ #バファローズポンタ https://t.co/4qOAnXa2TW,http://pbs.twimg.com/media/CoqjtZDUIAAYXMK.jpg
Sat Jul 30 ,2-3・・・ #bs2016 #NPB #オリックス #バファローズ #バファローズポンタ https://t.co/i8nsLg4PD0,http://pbs.twimg.com/media/ComV4weVYAALJhK.jpg
Sat Jul 30 ,今季初の4連勝、みられるかな・・！？ #bs2016 #NPB #オリックス #バファローズ #バファローズポンタ https://t.co/SubIpavyEt,http://pbs.twimg.com/media/Coln2lDWcAAtptn.jpg
Fri Jul 29 ,7-1!3連勝！！！おりほー！！！ #bs2016 #NPB #オリックス #バファローズ #バファローズポンタ https://t.co/AyZEEYsXjZ,http://pbs.twimg.com/tweet_video_thumb/Coh7rp3VIAI66fr.jpg
Fri Jul 29 ,流れに乗って、3連勝を勝ち取るぞ！ #bs2016 #NPB #オリックス #バファローズ #バファローズポンタ https://t.co/uW8lNlRz69,http://pbs.twimg.com/media/CohVMuPUAAAC6GE.jpg
Thu Jul 28 ,2-1!サッヨナ～ラ、おっりほ～！！ #bs2016 #NPB #オリックス #バファローズ #バファローズポンタ https://t.co/gdIArLG0GY,http://pbs.twimg.com/media/Coc2N2hVMAAgoAq.jpg
Thu Jul 28 ,今夜の花火ナイト 楽しみだな♪今日も勝つぞ！ バファローズ！ #bs2016 #NPB #オリックス #バファローズ #バファローズポンタ https://t.co/lC43LgNKOp,http://pbs.twimg.com/media/CocLnC3UkAISjck.jpg
Wed Jul 27 ,3-1!おりほ～～♪ #bs2016 #NPB #オリックス #バファローズ #バファローズポンタ https://t.co/jEr6gRjJZg,http://pbs.twimg.com/media/CoXoga_VYAEzbjo.jpg
Wed Jul 27 ,いざ行かん！神戸の地へ！#bs2016 #NPB #オリックス #バファローズ #バファローズポンタ https://t.co/jkWHIW7pSg,http://pbs.twimg.com/media/CoXCBAOUAAAoVgA.jpg
Tue Jul 26 ,3-6・・・ #bs2016 #NPB #オリックス #バファローズ #バファローズポンタ https://t.co/nCPuBL4gWh,http://pbs.twimg.com/media/CoSjCK_UEAE1fJs.jpg
Tue Jul 26 ,連勝掴もう！バファローズ GO！ #bs2016 #NPB #オリックス #バファローズ #バファローズポンタ https://t.co/ggZamu8IyT,http://pbs.twimg.com/media/CoR4bXWUkAAFedJ.jpg
Sun Jul 24 ,3-2!みんなで、おりほーーー！！ #bs2016 #NPB #オリックス #バファローズ #バファローズポンタ https://t.co/DQbHLgtTZI,http://pbs.twimg.com/media/CoHdCJUUMAAwjBE.jpg
Sun Jul 24 ,みんなで応援するぞ！がんばれ！バファローズ！！ #bs2016 #NPB #オリックス #バファローズ #バファローズポンタ https://t.co/eS6vZfDxhG,http://pbs.twimg.com/media/CoGuT54UkAAyZUm.jpg
Sat Jul 23 ,3-6・・・ #bs2016 #NPB #オリックス #バファローズ #バファローズポンタ https://t.co/SfudBdgkkw,http://pbs.twimg.com/media/CoCOojWUMAAntos.jpg
Sat Jul 23 ,今日もいっぱい応援するぞ！プレイボール！ #bs2016 #NPB #オリックス #バファローズ #バファローズポンタ https://t.co/40bGCl9rZ2,http://pbs.twimg.com/media/CoBkuRBVMAEw1EC.jpg
Fri Jul 22 ,0-2・・・ #bs2016 #NPB #オリックス #バファローズ #バファローズポンタ https://t.co/I1pklLOAIn,http://pbs.twimg.com/media/Cn97_D1UEAAz7CB.jpg
Fri Jul 22 ,今日から日ハム戦。ツインバット、チェック！プレイボール！！！ #bs2016 #NPB #オリックス #バファローズ #バファローズポンタ https://t.co/BKMaq11hR2,http://pbs.twimg.com/media/Cn9SEgRUAAA3q7G.jpg
Fri Jul 22 ,RT @Ponta: みんなでオリックス・バファローズを応援しよう！参加するともれなくPontaポイントがもらえます！いますぐ参加★　 https://t.co/nPDStoevnH https://t.co/YWLy9oYb9v,http://pbs.twimg.com/media/Cn8URDQUAAAahvV.jpg
Wed Jul 20 ,1-2・・・ #bs2016 #NPB #オリックス #バファローズ #バファローズポンタ https://t.co/zuBltsWvXE,http://pbs.twimg.com/media/CnzoHzlUAAAZUFR.jpg
Wed Jul 20 ,3連勝目指して後半戦を突き進むぞ！！ガッツだバファローズ！  #bs2016 #NPB #オリックス #バファローズ #バファローズポンタ https://t.co/nlTZyNOu4X,http://pbs.twimg.com/media/Cny-4vvVYAEIzYA.jpg
Tue Jul 19 ,4-0!かんぱーい！ #bs2016 #NPB #オリックス #バファローズ #バファローズポンタ https://t.co/5AeTXOkgox,http://pbs.twimg.com/media/CnuhR4vUIAAMbzX.jpg
Tue Jul 19 ,今日も仲良く応援するぞ！昨日の調子で押せ押せバファローズ！ #bs2016 #NPB #オリックス #バファローズ #バファローズポンタ https://t.co/0gAwkkK6PJ,http://pbs.twimg.com/media/Cnt1TJkUsAAHMbf.jpg
Mon Jul 18 ,6-0!おっりほ～！ #bs2016 #NPB #オリックス #バファローズ #バファローズポンタ https://t.co/fhbP0tkHTg,http://pbs.twimg.com/media/CnokLjSVUAEEeSk.jpg
Mon Jul 18 ,後半戦スタート！勝利を掴むぞ、バファローズ！ #bs2016 #NPB #オリックス #バファローズ #バファローズポンタ https://t.co/Of2coLIqJB,http://pbs.twimg.com/media/Cnn0xqGVYAEa3gy.jpg
Sat Jul 16 ,塚原投手、今日も行くぞ！！ https://t.co/VqNB3E5jlj,http://pbs.twimg.com/media/CneqZG3VUAEEiSm.jpg
Sat Jul 16 ,糸井選手 ファイト！ https://t.co/c4Us9Atbcq,http://pbs.twimg.com/media/Cnehza3UEAA4KUh.jpg
Fri Jul 15 ,塚原投手　ナイスピッチング！！！ https://t.co/BUDHj46Kit,http://pbs.twimg.com/media/CnZ35DKUIAAbsKz.jpg
Fri Jul 15 ,塚原投手、頑張って！！ https://t.co/sV2kwCttdB,http://pbs.twimg.com/media/CnZ2q5RUIAAUSXA.jpg
Fri Jul 15 ,糸井選手、次こそ！ https://t.co/S5i5WoTe12,http://pbs.twimg.com/media/CnZxNwsUkAAhVXI.jpg
Thu Jul 14 ,"「バファローズポンタ DAY」 2016年8月5日(金)京セラドーム大阪で開催決定！先着10,000名様に限定の記念品をプレゼント！バファローズポンタにも会える！詳しくはこちら　https://t.co/yOLN8SbCOT https://t.co/hREFhs2rjs",http://pbs.twimg.com/media/CnT2spTUIAQLS4x.jpg
Wed Jul 13 ,2-3・・・ #bs2016 #NPB #オリックス #バファローズ #バファローズポンタ https://t.co/80VEevskTX,http://pbs.twimg.com/media/CnPpze0UEAIDvnY.jpg
Wed Jul 13 ,球場へ急げ！プレイボール！ #bs2016 #NPB #オリックス #バファローズ #バファローズポンタ https://t.co/Hia5sNTius,http://pbs.twimg.com/media/CnO8UBGVYAEfYT5.jpg
Tue Jul 12 ,4-3!勝ったぞーーー！！！ #bs2016 #NPB #オリックス #バファローズ #バファローズポンタ https://t.co/Mx2y1eANHM,http://pbs.twimg.com/media/CnKi9eIUkAEUbQR.jpg
Tue Jul 12 ,今夜はみんなで応援するぞ！ #bs2016 #NPB #オリックス #バファローズ #バファローズポンタ https://t.co/E6yVWjstUt,http://pbs.twimg.com/media/CnJyK8dUEAAJlnV.jpg
Mon Jul 11 ,1-4・・・ #bs2016 #NPB #オリックス #バファローズ #バファローズポンタ https://t.co/8NZUedPnIv,http://pbs.twimg.com/media/CnFdet3UcAEZyMP.jpg
Mon Jul 11 ,狙うは3連勝！！！いけいけバファローズ！ #bs2016 #NPB #オリックス #バファローズ #バファローズポンタ https://t.co/F2fTquCpqm,http://pbs.twimg.com/media/CnEolCjUcAAfm0X.jpg
Sun Jul 10 ,8-2!おりほ～♪ #bs2016 #NPB #オリックス #バファローズ #バファローズポンタ https://t.co/j85Xqf87OL,http://pbs.twimg.com/media/Cm_LyubUIAEV9qf.jpg
Sun Jul 10 ,SKYを歌って応援するぞ！頑張れバファローズ！ #bs2016 #NPB #オリックス #バファローズ #バファローズポンタ https://t.co/jX8TVVK1JA,http://pbs.twimg.com/media/Cm-aUlVUMAEMj5u.jpg
Sat Jul 09 ,2-0!おりほーー！！ #bs2016 #NPB #オリックス #バファローズ #バファローズポンタ https://t.co/5PzQT5gmql,http://pbs.twimg.com/media/Cm6GUSbUsAI14O_.jpg
Sat Jul 09 ,しっかり食べて応援するぞ！ #bs2016 #NPB #オリックス #バファローズ #バファローズポンタ https://t.co/E3pweGt4D0,http://pbs.twimg.com/media/Cm5ed2oVIAIaHLY.jpg
Fri Jul 08 ,4-8・・・ #bs2016 #NPB #オリックス #バファローズ #バファローズポンタ https://t.co/VlShyJnVNM,http://pbs.twimg.com/media/Cm19SEPUEAA15nl.jpg
Fri Jul 08 ,今日から西武戦！オリ達が勝つ！！ #bs2016 #NPB #オリックス #バファローズ #バファローズポンタ https://t.co/ZN8HGyXEAz,http://pbs.twimg.com/media/Cm1Lzu7UsAAUoHz.jpg
Thu Jul 07 ,0-4・・・ #bs2016 #NPB #オリックス #バファローズ #バファローズポンタ https://t.co/DCxvzNvUkv,http://pbs.twimg.com/tweet_video_thumb/CmwoBEfUMAAPivz.jpg
Thu Jul 07 ,金子投手の復帰戦！勝てますように・・・ #bs2016 #NPB #オリックス #バファローズ #バファローズポンタ https://t.co/mNdr17gkNs,http://pbs.twimg.com/media/CmwCN8oVUAAjCuQ.jpg
Wed Jul 06 ,2-5・・・ #bs2016 #NPB #オリックス #バファローズ #バファローズポンタ https://t.co/lUiub1zDK1,http://pbs.twimg.com/media/CmrtiZqVMAAVCbT.jpg
Wed Jul 06 ,今日も言いたい・・・がんばれ東明投手、がんばれバファローズ！！！ #bs2016 #NPB #オリックス #バファローズ #バファローズポンタ https://t.co/w3cHOzsGXt,http://pbs.twimg.com/media/Cmq4oHzUEAAOTCk.jpg
Tue Jul 05 ,3-0!おりほぉぉぉぉぉぉぉぉぉ #bs2016 #NPB #オリックス #バファローズ #バファローズポンタ https://t.co/iiZYiCLOHX,http://pbs.twimg.com/media/CmmW55pUcAAGKQN.jpg
Tue Jul 05 ,今日からソフトバンク戦！連勝するぞ！プレイボール！！ #bs2016 #NPB #オリックス #バファローズ #バファローズポンタ https://t.co/TUZzwwqpIw,http://pbs.twimg.com/media/CmlvCVCVMAAI-40.jpg
Mon Jul 04 ,バファローズポンタiPhone6ケース、再販決定！ 7/11（月）よりBsSHOP、B-WAVE、球団公式オンラインショップ、Amazon「ぽんた屋」で販売予定！ ※発売日が若干遅れる場合がございます。予めご了承ください。 https://t.co/I8gyGJiyZV,http://pbs.twimg.com/media/Cmglc4WUEAAg2Tk.jpg
Mon Jul 04 ,バファローズポンタLINEクリエイターズスタンプが登場！描きおろし含む40種類がずっと使える！一喜一憂するバファローズポンタと一緒にトークを盛り上げよう♪スタンプはコチラから https://t.co/Ot5jdasQhm https://t.co/9bAKpT4tgY,http://pbs.twimg.com/media/CmfnptBVMAAL9sN.jpg
Sun Jul 03 ,4-3!＼ハッピー！／ ＼グッド！！！！！！！！／ #bs2016 #NPB #オリックス #バファローズ #バファローズポンタ https://t.co/LuhNuVafVk,http://pbs.twimg.com/media/CmbBzfIVUAES-_V.jpg
Sun Jul 03 ,いくぞ！あの☆目指してプレイボール！！！ #bs2016 #NPB #オリックス #バファローズ #バファローズポンタ https://t.co/EnZqKneA2L,http://pbs.twimg.com/media/CmaXMYYVUAAJZ_T.jpg
Sat Jul 02 ,0-6・・・ #bs2016 #NPB #オリックス #バファローズ #バファローズポンタ https://t.co/Om51Yt9OuO,http://pbs.twimg.com/media/CmWIADbUMAAOnF3.jpg
Sat Jul 02 ,今日からロッテ戦。気合を入れて、、、プレイボール！！！ #bs2016 #NPB #オリックス #バファローズ #バファローズポンタ https://t.co/P0PqWUm1VR,http://pbs.twimg.com/media/CmVbVeWUMAAJyOJ.jpg
Thu Jun 30 ,バファローズポンタぬいぐるみ、再販決定！7/5（火）よりBsSHOP、B-WAVE、球団公式オンラインショップで販売予定！※発売日が若干遅れる場合がございます。予めご了承ください。 https://t.co/aSA01jwjyR,http://pbs.twimg.com/media/CmMUQ6qUgAAdG-p.jpg
Wed Jun 29 ,3-5・・・ #bs2016 #NPB #オリックス #バファローズ #バファローズポンタ https://t.co/ZtPuRr3CW3,http://pbs.twimg.com/media/CmHvNw9UYAQyKx_.jpg
Wed Jun 29 ,今日も元気に応援するぞ！連勝目指してちばりよーバファローズ！！ #bs2016 #NPB #オリックス #バファローズ #バファローズポンタ https://t.co/Dt6T68sbYG,http://pbs.twimg.com/media/CmG8XOiUYAAhSAm.jpg
Tue Jun 28 ,3-2!おりほ～♪ #bs2016 #NPB #オリックス #バファローズ #バファローズポンタ https://t.co/FDLx8KPGSv,http://pbs.twimg.com/media/CmCdYo3UkAAa6zC.jpg
Tue Jun 28 ,今日から楽天戦！那覇だ！夏だ！プレイボール！！ #bs2016 #NPB #オリックス #バファローズ #バファローズポンタ https://t.co/a6tR5xdpfI,http://pbs.twimg.com/media/CmByxyFWgAAk2d5.jpg
Sun Jun 26 ,0-6・・・ #bs2016 #NPB #オリックス #バファローズ #バファローズポンタ https://t.co/KVfiidYHGb,http://pbs.twimg.com/media/Cl3AvpMVYAEkM6B.jpg
Sun Jun 26 ,突き抜けろ　バファローズ！いざ、プレイボール！ #bs2016 #NPB #オリックス #バファローズ #バファローズポンタ https://t.co/W98nl8Hzla,http://pbs.twimg.com/media/Cl2UEJbVAAAa94Q.jpg
Sat Jun 25 ,8-10・・・ #bs2016 #NPB #オリックス #バファローズ #バファローズポンタ https://t.co/Tu8phcebny,http://pbs.twimg.com/media/ClyPLWvVYAIqryu.jpg
Sat Jun 25 ,後半戦、スタート！！ #bs2016 #NPB #オリックス #バファローズ #バファローズポンタ https://t.co/9xhP7BUc1Q,http://pbs.twimg.com/media/ClxYNL-UoAANir7.jpg
Fri Jun 24 ,明日は晴れるといいな・・。 #bs2016 #NPB #オリックス #バファローズ #バファローズポンタ https://t.co/ifjgG0hdPC,http://pbs.twimg.com/media/CltFjyRUgAEjsiS.jpg
Mon Jun 20 ,0-2・・・ #bs2016 #NPB #オリックス #バファローズ #バファローズポンタ #セ・パ交流戦 https://t.co/K4N7RhX2m6,http://pbs.twimg.com/media/ClZIaSuUkAEeRt5.jpg
Mon Jun 20 ,今日こそが交流戦最終日！でした！絶対勝つぞ！！プレイボール！！！ #bs2016 #NPB #オリックス #バファローズ #バファローズポンタ #セ・パ交流戦 https://t.co/RTjPP17QO7,http://pbs.twimg.com/media/ClYfMKRUoAA9KdD.jpg
Sun Jun 19 ,4-5・・・#bs2016 #NPB #オリックス #バファローズ #バファローズポンタ #セ・パ交流戦 https://t.co/YiwXiOIR0v,http://pbs.twimg.com/media/ClTEegyVYAAhPcM.jpg
Sun Jun 19 ,ついに交流戦最終日！！いてまえ打線で勝利を掴むぞ！バファローズ！ #bs2016 #NPB #オリックス #バファローズ #バファローズポンタ #セ・パ交流戦 https://t.co/aAuwNEsVQb,http://pbs.twimg.com/media/ClSXzRfUsAAObZW.jpg
Sat Jun 18 ,3-4・・・#bs2016 #NPB #オリックス #バファローズ #バファローズポンタ #セ・パ交流戦 https://t.co/TfQFkkPArn,http://pbs.twimg.com/media/ClN64ceVEAAXfx2.jpg
Sat Jun 18 ,今日も試合が始まるよ！準備はいいかな？プレイボール！ #bs2016 #NPB #オリックス #バファローズ #バファローズポンタ #セ・パ交流戦 https://t.co/rgeemSy0A2,http://pbs.twimg.com/media/ClNVFHGWYAARZNW.jpg
Fri Jun 17 ,4-6・・・ #bs2016 #NPB #オリックス #バファローズ #バファローズポンタ #セ・パ交流戦 https://t.co/y9CsLfDhod,http://pbs.twimg.com/media/ClKFwUHVAAETzbI.jpg
Fri Jun 17 ,今日から広島戦！全力で応援するぞ！プレイボール！ #bs2016 #NPB #オリックス #バファローズ #バファローズポンタ #セ・パ交流戦 https://t.co/ww9Zk411ve,http://pbs.twimg.com/media/ClJCbGYVAAAs80F.jpg
Thu Jun 16 ,プレイボール・・・　できなかった・・・。#bs2016 #NPB #オリックス #バファローズ #バファローズポンタ #セ・パ交流戦 https://t.co/jpvQcstncz,http://pbs.twimg.com/media/ClEGEElUsAA9P0m.jpg
Thu Jun 16 ,スカッと勝利を収めるぞ！！プレイボール！ #bs2016 #NPB #オリックス #バファローズ #バファローズポンタ #セ・パ交流戦 https://t.co/gEhTgO9jIM,http://pbs.twimg.com/media/ClD41foUsAApe-H.jpg
Thu Jun 16 ,イチロー選手　日米通算4257安打達成おめでとうございます！！！！！ https://t.co/PEMHeuYNdl,http://pbs.twimg.com/media/ClD2-S0UsAAqAao.jpg
Wed Jun 15 ,5-1!勝　っ　た　・・・・！ #bs2016 #NPB #オリックス #バファローズ #バファローズポンタ #セ・パ交流戦 https://t.co/F1xRFT6M3f,http://pbs.twimg.com/media/Ck_hZjFUoAAyAUK.jpg
Wed Jun 15 ,今日は先発・松葉投手！絶対勝つぞ！バファローズ！！！ #bs2016 #NPB #オリックス #バファローズ #バファローズポンタ #セ・パ交流戦 https://t.co/InCyRKoIA4,http://pbs.twimg.com/media/Ck-vPhaUoAAteMM.jpg
Tue Jun 14 ,0-2・・・ #bs2016 #NPB #オリックス #バファローズ #バファローズポンタ #セ・パ交流戦 https://t.co/B4DIfm6K2T,http://pbs.twimg.com/media/Ck6VEs2UoAAlj5l.jpg
Tue Jun 14 ,今日から阪神戦！猛牛打線で突き進め、バファローズ！ #bs2016 #NPB #オリックス #バファローズ #バファローズポンタ #セ・パ交流戦 https://t.co/QzO5VXeDbQ,http://pbs.twimg.com/media/Ck5lpqhUYAUPqHT.jpg
Sun Jun 12 ,0-4・・・ #bs2016 #NPB #オリックス #バファローズ #バファローズポンタ #セ・パ交流戦 https://t.co/cqyzEt7MOK,http://pbs.twimg.com/media/Cku3u-wUgAApLk0.jpg
Sun Jun 12 ,今日はオリ姫デー。一生懸命応援するぞ！！ #bs2016 #NPB #オリックス #バファローズ #バファローズポンタ #セ・パ交流戦 https://t.co/fUnDDVu5Od,http://pbs.twimg.com/media/CkuNzaDUkAEQChz.jpg
Sat Jun 11 ,0-7・・・ #bs2016 #NPB #オリックス #バファローズ #バファローズポンタ #セ・パ交流戦 https://t.co/NhA8jn4Nh2,http://pbs.twimg.com/media/Ckp6gJoUkAAe4DZ.jpg
Sat Jun 11 ,今日はオリ達デー！がんばれ！がんばれ！バファローズ！ #bs2016 #NPB #オリックス #バファローズ #バファローズポンタ #セ・パ交流戦 https://t.co/gh4laK8pRV,http://pbs.twimg.com/media/CkpR8vhUUAAqK3s.jpg
Fri Jun 10 ,1-3・・・ #bs2016 #NPB #オリックス #バファローズ #バファローズポンタ #セ・パ交流戦 https://t.co/YNJ3M8DRNm,http://pbs.twimg.com/media/CklnKOnUkAAinsZ.jpg
Fri Jun 10 ,今夜からDeNA戦！勝利を祈って、いくぞー！ #bs2016 #NPB #オリックス #バファローズ #バファローズポンタ #セ・パ交流戦 https://t.co/z8zsfT6fIY,http://pbs.twimg.com/media/Ckk_Sx6VAAEe3l1.jpg
Thu Jun 09 ,3-8・・・ #bs2016 #NPB #オリックス #バファローズ #バファローズポンタ #セ・パ交流戦 https://t.co/s6wNRiUFF7,http://pbs.twimg.com/media/Ckgdk5QUYAAKb5f.jpg
Thu Jun 09 ,２連勝目指してGO！GO！バファローズ！！！ #bs2016 #NPB #オリックス #バファローズ #バファローズポンタ #セ・パ交流戦 https://t.co/RZcIO72EYd,http://pbs.twimg.com/media/Ckf1tN-WEAAdDsn.jpg
Wed Jun 08 ,2-1!うしほーーーーー！！ #bs2016 #NPB #オリックス #バファローズ #バファローズポンタ #セ・パ交流戦 https://t.co/6naqIqcZ0i,http://pbs.twimg.com/media/CkbNHJhVEAA1K2u.jpg
Wed Jun 08 ,今夜は先発・松葉投手！気張っていこう！プレイボール！ #bs2016 #NPB #オリックス #バファローズ #バファローズポンタ #セ・パ交流戦 https://t.co/gNfqRT01be,http://pbs.twimg.com/media/CkasIA5UYAAnJCQ.jpg
Tue Jun 07 ,3-8・・・ #bs2016 #NPB #オリックス #バファローズ #バファローズポンタ #セ・パ交流戦 https://t.co/GPZBdD9AkV,http://pbs.twimg.com/media/CkWqrp0VEAIpYgy.jpg
Tue Jun 07 ,今日から中日戦！4連勝目指して頑張ろう！ #bs2016 #NPB #オリックス #バファローズ #バファローズポンタ #セ・パ交流戦 https://t.co/THSJ49NIQz,http://pbs.twimg.com/media/CkVihjnVAAEqg4_.jpg
Mon Jun 06 ,10万フォロー　ありがとうございます！ https://t.co/4pw5R1p7pP,http://pbs.twimg.com/media/CkQoCCkUYAArLe2.jpg
Mon Jun 06 ,バファローズポンタグッズ第3弾”勝ち”Tシャツ登場！本日6/6(月)18時よりAmazon「ぽんた屋」で販売！　https://t.co/I7mMJXFugU  ※発売時間が若干遅れる場合がございます。ご了承ください。 https://t.co/SYc9CHPM11,http://pbs.twimg.com/media/CkPNZn6VAAAP_n9.jpg
Sun Jun 05 ,14-9!W　I　N　！！ #bs2016 #NPB #オリックス #バファローズ #バファローズポンタ #セ・パ交流戦 https://t.co/Tq9M7jBB89,http://pbs.twimg.com/media/CkK-NSSUYAAb4bW.jpg
Sun Jun 05 ,さぁ、いくぞ！プレイボール！ #bs2016 #NPB #オリックス #バファローズ #バファローズポンタ #セ・パ交流戦 https://t.co/PyODFl38Y4,http://pbs.twimg.com/media/CkKKyJJWEAIeVqn.jpg
Sat Jun 04 ,6-4!（おりほー・・・！） #bs2016 #NPB #オリックス #バファローズ #バファローズポンタ #セ・パ交流戦 https://t.co/JbwpCOPNqh,http://pbs.twimg.com/media/CkF7fFzUkAE-geo.jpg
Sat Jun 04 ,勝利に向かって突き進め！GO！GO！バファローズ！ #bs2016 #NPB #オリックス #バファローズ #バファローズポンタ #セ・パ交流戦 https://t.co/KLnmdle6Gb,http://pbs.twimg.com/media/CkFO8uHWEAAuyNz.jpg
Fri Jun 03 ,5-4!ハッピー＆グッド！！！ #bs2016 #NPB #オリックス #バファローズ #バファローズポンタ #セ・パ交流戦 https://t.co/QZ2ZB4FRBr,http://pbs.twimg.com/media/CkBzIESUYAAuhYt.jpg
Fri Jun 03 ,今日からヤクルト戦！ 3連戦初日、勝利に向かってがんばれバファローズ！プレイボール！ #bs2016 #NPB #オリックス #バファローズ #バファローズポンタ #セ・パ交流戦 https://t.co/NL7aUhQwJX,http://pbs.twimg.com/media/CkA8QkZXEAApPC0.jpg
Thu Jun 02 ,2-4・・・ #bs2016 #NPB #オリックス #バファローズ #バファローズポンタ #セ・パ交流戦 https://t.co/ErN43G8SiA,http://pbs.twimg.com/media/Cj8cgIWUkAAoBdJ.jpg
Thu Jun 02 ,みんな笑顔で勝ちSKY歌いたいな！プレイボール！ #bs2016 #NPB #オリックス #バファローズ #バファローズポンタ #セ・パ交流戦 https://t.co/J9oLDOy71C,http://pbs.twimg.com/media/Cj7ynIuXAAAbtcA.jpg
Wed Jun 01 ,0-1・・・ #bs2016 #NPB #オリックス #バファローズ #バファローズポンタ #セ・パ交流戦 https://t.co/r4Erk35Nsc,http://pbs.twimg.com/media/Cj3YZj-UYAAPNW1.jpg
Wed Jun 01 ,交流戦、初勝利を掴むぞ！オリ達が勝つ！！  #bs2016 #NPB #オリックス #バファローズ #バファローズポンタ #セ・パ交流戦 https://t.co/mU4KLZmyxa,http://pbs.twimg.com/media/Cj2pCZLVAAAFGUP.jpg
Tue May 31 ,2-3・・・ #bs2016 #NPB #オリックス #バファローズ #バファローズポンタ #セ・パ交流戦 https://t.co/KJPvIUXJ5c,http://pbs.twimg.com/media/CjyNcH1UkAQxwjx.jpg
Tue May 31 ,今日から交流戦！勝って弾みをつけるぞ！プレイボール！#bs2016 #NPB #オリックス #バファローズ #バファローズポンタ #セ・パ交流戦 https://t.co/o1QkEXX20J,http://pbs.twimg.com/media/CjxfeqmVAAA1lhd.jpg
Sun May 29 ,3-5・・・ #bs2016 #NPB #オリックス #バファローズ #バファローズポンタ https://t.co/Q4UHDoXdNG,http://pbs.twimg.com/media/CjnPAkGUkAAcNe9.jpg
Sun May 29 ,オリックスナイン、今日もファイト！プレイボール！ #bs2016 #NPB #オリックス #バファローズ #バファローズポンタ https://t.co/mf1ANW0ITl,http://pbs.twimg.com/media/CjmjIgXXIAA3N27.jpg
Sat May 28 ,8-6!おりほー！たまやー！ #bs2016 #NPB #オリックス #バファローズ #バファローズポンタ https://t.co/m3d6Pvrjdl,http://pbs.twimg.com/media/CjiFawDVAAASgb3.jpg
Sat May 28 ,中島選手　通算1500安打達成おめでとうございます！！！！！ https://t.co/TkBdhoGHYb,http://pbs.twimg.com/media/CjiDM3bUoAA853b.jpg
Sat May 28 ,大花火大会が楽しみだな♪球場へ急ぐぞ！GO！GO！バファローズ！ #bs2016 #NPB #オリックス #バファローズ #バファローズポンタ https://t.co/0RgonMkc5j,http://pbs.twimg.com/media/CjhZjKFXEAARLPt.jpg
Fri May 27 ,バファローズポンタの新しい壁紙が、応援特設サイトに追加されました！コラボ壁紙を今すぐチェック♪　 https://t.co/gofnoYHlDq https://t.co/zdbP837BQY,http://pbs.twimg.com/media/CjdIF6QVAAAcNp8.jpg
Thu May 26 ,3-4・・・ #bs2016 #NPB #オリックス #バファローズ #バファローズポンタ https://t.co/ivyHVwfEv3,http://pbs.twimg.com/media/CjYg66KUUAA0Sjo.jpg
Thu May 26 ,今夜は先発・金子投手！いけいけ！バファローズ！ #bs2016 #NPB #オリックス #バファローズ #バファローズポンタ https://t.co/zqQD6z2FmT,http://pbs.twimg.com/media/CjXvfJmVAAAm1AA.jpg
Wed May 25 ,2-5・・・ #bs2016 #NPB #オリックス #バファローズ #バファローズポンタ https://t.co/Q3U9hNR5ks,http://pbs.twimg.com/media/CjTNufUVAAEiE5Q.jpg
Wed May 25 ,張り切っていこう！プレイボール！ #bs2016 #NPB #オリックス #バファローズ #バファローズポンタ https://t.co/RutvJwuLni,http://pbs.twimg.com/media/CjSl58VWsAAWnpY.jpg
Tue May 24 ,6-22・・・ #bs2016 #NPB #オリックス #バファローズ #バファローズポンタ https://t.co/9kVeRDHrmv,http://pbs.twimg.com/tweet_video_thumb/CjObRAeUYAAusKJ.jpg
Tue May 24 ,ソフトバンク戦だ！今日も元気いっぱい応援するぞ！ #bs2016 #NPB #オリックス #バファローズ #バファローズポンタ https://t.co/GA3CEe06Zh,http://pbs.twimg.com/media/CjNcUeiWYAAUWxL.jpg
Tue May 24 ,バファローズポンタグッズ第2弾 iPhone6ケース登場！5/25（水）12時よりAmazon「ぽんた屋」で販売！　https://t.co/I7mMJXFugU※発売時間が若干遅れる場合がございます。ご了承ください。 https://t.co/5VVOExhdsj,http://pbs.twimg.com/media/CjNOk1XVEAAxsG_.jpg
Sun May 22 ,1-5・・・ #bs2016 #NPB #オリックス #バファローズ #バファローズポンタ https://t.co/HSLKEPfndu,http://pbs.twimg.com/media/CjCvC8pVAAAAAq9.jpg
Sun May 22 ,一球入魂！プレイボール！ #bs2016 #NPB #オリックス #バファローズ #バファローズポンタ https://t.co/LAXwTbFEVV,http://pbs.twimg.com/media/CjCEiNMXEAABTWa.jpg
Sat May 21 ,3-10・・・ #bs2016 #NPB #オリックス #バファローズ #バファローズポンタ https://t.co/ikrxu4B6Bq,http://pbs.twimg.com/media/Ci9xHqlUoAANdu4.jpg
Sat May 21 ,ホームランがでるといいな♪プレイボール！ #bs2016 #NPB #オリックス #バファローズ #バファローズポンタ https://t.co/0895WCXZUw,http://pbs.twimg.com/media/Ci9ItedUgAAfoyT.jpg
Fri May 20 ,金子投手　通算100勝達成おめでとうございます！！！！！#bs2016 #NPB #オリックス #バファローズ #バファローズポンタ https://t.co/v44OJXOvIL,http://pbs.twimg.com/media/Ci5nD_hUYAA0GdR.jpg
Fri May 20 ,6-4!おり・・・ほ――！！！ #bs2016 #NPB #オリックス #バファローズ #バファローズポンタ https://t.co/SDk5wIS6kZ,http://pbs.twimg.com/media/Ci5kovuUkAAVH1Z.jpg
Fri May 20 ,今日からロッテ戦！先発はエース・金子投手！3連勝目指して頑張ろう！！ #bs2016 #NPB #オリックス #バファローズ #バファローズポンタ https://t.co/kKGBpAwei4,http://pbs.twimg.com/media/Ci4183xUUAI2Wij.jpg
Fri May 20 ,バファローズポンタぬいぐるみ、ついに登場！5/21（土）よりBsSHOP、B-WAVE、球団公式オンラインショップ、Amazon「ぽんた屋」で販売！　https://t.co/I7mMJXFugU https://t.co/ZIcSTce1Nq,http://pbs.twimg.com/media/Ci4oNizU4AAC795.jpg
Wed May 18 ,10-2!勝った―――！！！！！！ #bs2016 #NPB #オリックス #バファローズ #バファローズポンタ https://t.co/3bsaLOuow0,http://pbs.twimg.com/media/CivPZfjU4AAvHY8.jpg
Wed May 18 ,気合をいれて応援するぞ！GO！GO！バファローズ！ #bs2016 #NPB #オリックス #バファローズ #バファローズポンタ https://t.co/6jtkgUA7Kk,http://pbs.twimg.com/media/CiuiyLZWUAAq8Mi.jpg
Tue May 17 ,7-1!おりほー！！ #bs2016 #NPB #オリックス #バファローズ #バファローズポンタ https://t.co/9651qE6N2F,http://pbs.twimg.com/media/CiqEb6WUUAAb2hF.jpg
Tue May 17 ,今日から楽天戦！先発はディクソン投手！いくぞー！ #bs2016 #NPB #オリックス #バファローズ #バファローズポンタ https://t.co/PqBCLM7CsJ,http://pbs.twimg.com/media/CipZLf7UkAEBGQN.jpg
Sun May 15 ,1-2・・・ #bs2016 #NPB #オリックス #バファローズ #バファローズポンタ https://t.co/VcraJNMn9Q,http://pbs.twimg.com/media/CievV3KVEAIzq1P.jpg
Sun May 15 ,駆け抜けろ！バファローズ！ #bs2016 #NPB #オリックス #バファローズ #バファローズポンタ https://t.co/yHg9lx85jx,http://pbs.twimg.com/media/CieBZ4qVEAA25Nt.jpg
Sat May 14 ,4-3!とんだー！！ #bs2016 #NPB #オリックス #バファローズ #バファローズポンタ https://t.co/Jg3O0LDiPp,http://pbs.twimg.com/tweet_video_thumb/Cia1aUBU4AMXtoF.jpg
Sat May 14 ,今日からソフトバンク戦！勝つぞー！ #bs2016 #NPB #オリックス #バファローズ #バファローズポンタ https://t.co/xzq1wSalyy,http://pbs.twimg.com/media/CiZ8jfCXAAAKuGD.jpg
Wed May 11 ,2-6・・・ #bs2016 #NPB #オリックス #バファローズ #バファローズポンタ https://t.co/bSqXHwv8GY,http://pbs.twimg.com/media/CiLUgjMUYAAzcR5.jpg
Wed May 11 ,今夜は勝つぞ～♪ #bs2016 #NPB #オリックス #バファローズ #バファローズポンタ https://t.co/DzwDqqawLo,http://pbs.twimg.com/media/CiKmiuaWMAA9xSc.jpg
Tue May 10 ,0-4・・・ #bs2016 #NPB #オリックス #バファローズ #バファローズポンタ https://t.co/Qfz7YBvBXk,http://pbs.twimg.com/media/CiGEDPLVIAE9svB.jpg
Tue May 10 ,今度こそ飛ばすぞ！ #bs2016 #NPB #オリックス #バファローズ #バファローズポンタ https://t.co/dPThXQh5yN,http://pbs.twimg.com/media/CiFc5QwXIAEhuZW.jpg
Sun May 08 ,3-4・・・ #bs2016 #NPB #オリックス #バファローズ #バファローズポンタ https://t.co/Ghi9yl66en,http://pbs.twimg.com/media/Ch6s5eCVAAAHWGV.jpg
Sun May 08 ,勝ってゴールド風船飛ばすぞ！ #bs2016 #NPB #オリックス #バファローズ #バファローズポンタ https://t.co/wzPDZPivKS,http://pbs.twimg.com/media/Ch5-SmPVIAEY-Fj.jpg
Sat May 07 ,3-4・・・ #bs2016 #NPB #オリックス #バファローズ #バファローズポンタ https://t.co/9HgwsSWwSr,http://pbs.twimg.com/media/Ch1zy9nUkAAVADi.jpg
Sat May 07 ,丑男歌うぞー！プレイボール！ #bs2016 #NPB #オリックス #バファローズ #バファローズポンタ https://t.co/M7E4ibtJ9K,http://pbs.twimg.com/media/Ch1CcUHXIAMdLe8.jpg
Fri May 06 ,5-0!完封勝利！！！！！おりほ―――！！ #bs2016 #NPB #オリックス #バファローズ #バファローズポンタ https://t.co/pArztpqXt5,http://pbs.twimg.com/media/ChxdsXaU4AAvmEG.jpg
Fri May 06 ,今日からロッテ戦！GO！GO！バファローズ！ #bs2016 #NPB #オリックス #バファローズ #バファローズポンタ https://t.co/qsXz1In5Q5,http://pbs.twimg.com/media/Chw2rCgXIAAQx_Y.jpg
Thu May 05 ,7-5!おりほー！ #bs2016 #NPB #オリックス #バファローズ #バファローズポンタ https://t.co/6NfoRfmR8d,http://pbs.twimg.com/media/ChrNYTgUUAA3rHz.jpg
Thu May 05 ,よしっ　いくぞー！ #bs2016 #NPB #オリックス #バファローズ #バファローズポンタ https://t.co/Qw08KW1IDL,http://pbs.twimg.com/media/ChqhjD3UoAMU5Wz.jpg
Wed May 04 ,2-8・・・ #bs2016 #NPB #オリックス #バファローズ #バファローズポンタ https://t.co/ZmN3rRhULh,http://pbs.twimg.com/media/ChmCa3MXAAAcW41.jpg
Wed May 04 ,しまってこー！ #bs2016 #NPB #オリックス #バファローズ #バファローズポンタ https://t.co/6ur2PUUFKP,http://pbs.twimg.com/media/ChlX8GvWkAAXGIk.jpg
Tue May 03 ,7-6!3連勝！！！おりほー！！！ #bs2016 #NPB #オリックス #バファローズ #バファローズポンタ https://t.co/1CsI9jFQwA,http://pbs.twimg.com/media/Chg4JbGUcAAuMst.jpg
Tue May 03 ,今日から西武戦！プレイボール！ #bs2016 #NPB #オリックス #バファローズ #バファローズポンタ https://t.co/FS2ikHoLMP,http://pbs.twimg.com/media/ChgOYe4WUAAEo3u.jpg
Sun May 01 ,4-2!ヤッター！！！！！ #bs2016 #NPB #オリックス #バファローズ #バファローズポンタ https://t.co/36JWej3kRt,http://pbs.twimg.com/media/ChWzYJxUoAAN13t.jpg
Sun May 01 ,いっちに！いっちに！オリっ子デー　プレイボール！ #bs2016 #NPB #オリックス #バファローズ #バファローズポンタ https://t.co/CczbStMYTF,http://pbs.twimg.com/media/ChV7K7rWwAEZGd6.jpg
Sat Apr 30 ,5-0!おりほー！勝ちほー！ #bs2016 #NPB #オリックス #バファローズ #バファローズポンタ https://t.co/fYa5rCvaAU,http://pbs.twimg.com/media/ChRXQFrUkAAUR2T.jpg
Sat Apr 30 ,ポンタはオリ達ユニフォームでキメ！プレイボール！ #bs2016 #NPB #オリックス #バファローズ #バファローズポンタ https://t.co/4hLCvunZvl,http://pbs.twimg.com/media/ChQxkQdU4AAkrAT.jpg
Fri Apr 29 ,3-4・・・ #bs2016 #NPB #オリックス #バファローズ #バファローズポンタ https://t.co/7XY2NsOsAJ,http://pbs.twimg.com/media/ChMidpJUcAA1N1l.jpg
Fri Apr 29 ,今日は妹のプティポンタも参戦♪オリ姫デー　プレイボール！ #bs2016 #NPB #オリックス #バファローズ #バファローズポンタ https://t.co/PRXB0kt9xR,http://pbs.twimg.com/media/ChL1uQvUkAA-v9d.jpg
Wed Apr 27 ,間違えてしまいました・・・。ごめんなさい。#bs2016 #NPB #オリックス #バファローズ #バファローズポンタ https://t.co/3Pxtvzz2RM,http://pbs.twimg.com/media/ChDT-uTU4AA6BCd.jpg
Wed Apr 27 ,猛牛魂でいくぞ！プレイボール！！ #bs2016 #NPB #オリックス #バファローズ #バファローズポンタ https://t.co/t4g2ceSh5F,http://pbs.twimg.com/media/ChCZcPSUcAALZoB.jpg
Tue Apr 26 ,3-9・・・ #bs2016 #NPB #オリックス #バファローズ #バファローズポンタ https://t.co/RhZSFYrr1b,http://pbs.twimg.com/media/Cg9_LbBXEAIsM5x.jpg
Tue Apr 26 ,今日からソフトバンク戦！タオルダンスができるといいな♪ #bs2016 #NPB #オリックス #バファローズ #バファローズポンタ https://t.co/GzweNcbS5e,http://pbs.twimg.com/media/Cg9Pzf1WUAAweiW.jpg
Sun Apr 24 ,4-3!次も勝とうぜバファローズ～♪ #bs2016 #NPB #オリックス #バファローズ #バファローズポンタ https://t.co/Oq6Xoz7PrP,http://pbs.twimg.com/media/CgyotDEUgAI6XAG.jpg
Sun Apr 24 ,現在7回表、4-3！ドキドキ・・！ #bs2016 #バファローズポンタ https://t.co/eatbawn3fx,http://pbs.twimg.com/media/CgyYBWRU8AAV81-.jpg
Sun Apr 24 ,いざ、出陣！#bs2016 #NPB #オリックス #バファローズ #バファローズポンタ https://t.co/JXPaGOJ0Sz,http://pbs.twimg.com/media/Cgx35hsUUAAdE9U.jpg
Sat Apr 23 ,3-4・・・#bs2016 #バファローズポンタ https://t.co/vp8fUjueDk,http://pbs.twimg.com/media/CgtqMbsU8AApY4j.jpg
Sat Apr 23 ,今日からロッテ戦！流れを掴むぞ！プレイボール！！ #bs2016 #NPB #オリックス #バファローズ #バファローズポンタ https://t.co/0wv3lOGk5d,http://pbs.twimg.com/media/Cgs8ElCUUAE32M-.jpg
Thu Apr 21 ,ノーゲーム・・・#bs2016 #バファローズポンタ https://t.co/u1YHSUg9R2,http://pbs.twimg.com/media/Cgj4sb9U8AEgW_2.jpg
Thu Apr 21 ,今夜は勝つぞ！プレイボール！！#bs2016 #バファローズポンタ https://t.co/Klr7YWyYon,http://pbs.twimg.com/media/Cgjf4qoVEAEBGps.jpg
Wed Apr 20 ,3-4・・・・#bs2016 #バファローズポンタ https://t.co/Y9ZsoQEVK0,http://pbs.twimg.com/media/CgfWwfUUMAAFOzm.jpg
Wed Apr 20 ,今夜は先発・東明投手！3連勝をかけて、プレイボール！！ #bs2016 #バファローズポンタ https://t.co/7UUsJdplny,http://pbs.twimg.com/media/CgeWSPxWEAEkSEH.jpg
Tue Apr 19 ,3-2！ #bs2016 #バファローズポンタ #おりほー https://t.co/ErM4aeucbW,http://pbs.twimg.com/media/CgaDQRDUUAA185b.jpg
Tue Apr 19 ,今日から楽天戦！気合いを入れて、プレイボール！！ #bs2016 #バファローズポンタ https://t.co/uyjWOcIH4e,http://pbs.twimg.com/media/CgZMqpeVAAARIN1.jpg
Thu Apr 14 ,おりほ～～～！！！！！！！！！！ #bs2016 #バファローズポンタ https://t.co/Ov9nEaxIFF,http://pbs.twimg.com/media/Cf__CZnVAAAuZ91.jpg
Thu Apr 14 ,今日はチャンステーマを歌いたいな♪ https://t.co/lSuoB4slhm,http://pbs.twimg.com/media/Cf_cuQuWQAAx3PH.jpg
Wed Apr 13 ,サヨナラ勝ち～～～～～～～～～～～～～～～！！！！！！！！！！！！！！ https://t.co/quiIrK2LKd,http://pbs.twimg.com/media/Cf6_I3eUsAAX4vY.jpg
Wed Apr 13 ,糸井選手～～～～～～～～～～～～～～～！！！！！！ https://t.co/bLScFNKXCf,http://pbs.twimg.com/media/Cf6op53UIAApCsw.jpg
Tue Apr 12 ,0-4・・・・・・・・・！！・・・・・！！！ #bs2016 #バファローズポンタ　#頑張れバファローズ https://t.co/xHMHjaQo7V,http://pbs.twimg.com/media/Cf11CmTUkAA9Xsh.jpg
Tue Apr 12 ,今日から日本ハム戦！！先発・ディクソン選手！ファイトー！！！！！！ https://t.co/CyYg8ufOQR,http://pbs.twimg.com/media/Cf1JnKXW4AA9CR3.jpg
Mon Apr 11 ,＼もうゲットした？／ポンタの応援特設サイトではポンタとバファローズのコラボ壁紙がゲットできますよ！今すぐチェック！ https://t.co/gofnoYYX20 https://t.co/UAA48myYB2,http://pbs.twimg.com/media/CfwABT_WwAA5i6i.jpg
Sun Apr 10 ,0-10・・・次こそ・・・！ https://t.co/GayvC9Bu9a,http://pbs.twimg.com/media/CfqmWcCUAAAa7nn.jpg
Sat Apr 09 ,1-13・・・・・・・・・！・・・・・！！ https://t.co/Gl19NXBWc3,http://pbs.twimg.com/media/CflYMMuUUAANxVc.jpg
Sat Apr 09 ,今日からソフトバンク戦！ファイトー！！ https://t.co/rqBtX78fVA,http://pbs.twimg.com/media/CfkoLg4W8AAbr4u.jpg
